Title,Company,Location,Url
2022 Summer Internship - Commercial Operations,"Ferring Pharmaceuticals, Inc.",Parsippany. NJ,"http://www.indeed.com/cmp/Ferring-Pharmaceuticals,-Inc."
Applied AI/ML Machine Vision Intern,NOKIA,Murray Hill. NJ,http://www.indeed.com/cmp/Nokia
Bell Labs Summer Intern,NOKIA,Murray Hill. NJ,http://www.indeed.com/cmp/Nokia
Business Intelligence Intern,Bayer,Whippany. NJ,http://www.indeed.com/rc/clk?jk=6be192d54ae4c69b&fccid=e08122e0e993cc32&vjs=3
CAMPUS: Data Scientist/Analyst Internship or Cooperative Edu...,"Langan Engineering and Environmental Services,...",Parsippany. NJ 07054,http://www.indeed.com/cmp/Langan-Engineering-and-Environmental-Services
Computational Analyst Summer Intern,Bayer,Whippany. NJ,http://www.indeed.com/cmp/Bayer
Data Science Professional Development Program (PDP) Internsh...,BASF Corporation,Florham Park. NJ 07932,http://www.indeed.com/cmp/Basf-Corporation
Embedded Software Engineering Intern - Summer 2022,CACI,Florham Park. NJ 07932,http://www.indeed.com/cmp/CACI-International-1
Intern - Data Scientist,Valley National Bank,Wayne. NJ 07470,http://www.indeed.com/cmp/Valley-Bank
"Intern, Software Engineer",Panasonic Corporation of North America,Newark. NJ,http://www.indeed.com/cmp/Panasonic-Corporation-of-North-America
"Intern, Treasury Reporting",BMW US Capital LLC,Woodcliff Lake. NJ,http://www.indeed.com/cmp/BMW-Group
Internship Opportunity - Computer Science related major,ACG,Parsippany. NJ 07054,"http://www.indeed.com/q-Acg-l-Parsippany,-NJ-jobs.html"
Investments Quantitative Analyst Intern,Fortitude Re,Jersey City. NJ,"http://www.indeed.com/q-Fortitude-Re-l-Jersey-City,-NJ-jobs.html"
Machine Learning and AI Intern,NOKIA,Murray Hill. NJ,http://www.indeed.com/cmp/Nokia
new2022 I.T. Data Science Intern,UNITED PARCEL SERVICE,Mahwah. NJ 07430,http://www.indeed.com/cmp/UPS
new2022 I.T. Data Science Intern,UNITED PARCEL SERVICE,Mahwah. NJ 07430,http://www.indeed.com/cmp/UPS
newCyber Intern,ProactiveRISK,West Caldwell. NJ 07006,"http://www.indeed.com/q-Proactiverisk-l-West-Caldwell,-NJ-jobs.html"
newData Engineering Internship - 2022 Summer Internship Program...,Verisk,Jersey City. NJ,http://www.indeed.com/cmp/Verisk
newData Science Internship - 2022 Summer Internship Program (CR...,Verisk,Jersey City. NJ,http://www.indeed.com/cmp/Verisk
newENVIRONMENTAL SCIENCE/ENGINEERING INTERN - SUMMER 2022,WSP,Township of Morris. NJ,http://www.indeed.com/cmp/Wsp
newSoftware Development Internship - 2022 Summer Intern Program...,Verisk,Jersey City. NJ,http://www.indeed.com/cmp/Verisk
"newSummer Intern - Operations Services, Data Science & Process...",The Port Authority of New York and New Jersey,Jersey City. NJ 07302 (Journal Square area),http://www.indeed.com/cmp/The-Port-Authority-of-New-York-and-New-Jersey
Robotic Solutions Bell Labs Intern,NOKIA,Murray Hill. NJ+2 locations,http://www.indeed.com/rc/clk?jk=823b7f85ff4e9f4a&fccid=3444e7c94299ba32&vjs=3
Software Development Intern (SDI),Africa Systems,Nutley. NJ,http://www.indeed.com/rc/clk?jk=852216b30e0e66d9&fccid=8a0edf0058f1fa57&vjs=3
Visual Localization Summer Intern,NOKIA,Murray Hill. NJ,http://www.indeed.com/cmp/Nokia
